<?xml version="1.0" encoding="UTF-8"?>
<project-private xmlns="http://www.netbeans.org/ns/project-private/1">
    <editor-bookmarks xmlns="http://www.netbeans.org/ns/editor-bookmarks/2" lastBookmarkId="0"/>
    <open-files xmlns="http://www.netbeans.org/ns/projectui-open-files/2">
        <group>
            <file>file:/C:/Users/PRIME/Downloads/java-swing-login-ui-001-main/java-swing-login-ui-001-main/part%204/login-001/src/com/raven/main/Main.java</file>
            <file>file:/C:/Users/PRIME/Downloads/java-swing-login-ui-001-main/java-swing-login-ui-001-main/part%204/login-001/src/com/raven/swing/Button.java</file>
        </group>
    </open-files>
</project-private>
